<?xml version="1.0" encoding="UTF-8"?>
<project-private xmlns="http://www.netbeans.org/ns/project-private/1">
    <editor-bookmarks xmlns="http://www.netbeans.org/ns/editor-bookmarks/2" lastBookmarkId="0"/>
    <open-files xmlns="http://www.netbeans.org/ns/projectui-open-files/2">
        <group>
            <file>file:/Users/sswaaley/Dropbox/cambadge.X/cambadge.h</file>
            <file>file:/Users/sswaaley/Dropbox/cambadge.X/display.c</file>
            <file>file:/Users/sswaaley/Dropbox/cambadge.X/globals.c</file>
            <file>file:/Users/sswaaley/Dropbox/cambadge.X/apptemplate.c</file>
            <file>file:/Users/sswaaley/Dropbox/cambadge.X/serial.c</file>
            <file>file:/Users/sswaaley/Dropbox/cambadge.X/serialApp.c</file>
            <file>file:/Users/sswaaley/Dropbox/cambadge.X/globals.h</file>
        </group>
    </open-files>
</project-private>
